donnee;code;libelle
ABOND;1;0-25% PRESENCE FAIBLE
ABOND;2;0-25% PRESENCE NETTE
ABOND;3;25-50%
ABOND;4;50-75%
ABOND;5;75-100%
ACCI;0;PAS D'ACCIDENT
ACCI;1;CASSE
ACCI;2;PENCHE
ACCI;3;COURBE
ACCI;4;BRULE
ASPERITE;0;TERRAIN NON ACCIDENTE
ASPERITE;1;TERRAIN ACCIDENTE
ASPERITE;2;TERRAIN TRES ACCIDENTE
CAC;01;0-5 ans
CAC;02;5-10 ans
CAC;03;10-15 ans
CAC;04;15-20 ans
CAC;05;20-25 ans
CAC;06;25-30 ans
CAC;07;30-35 ans
CAC;08;35-40 ans
CAC;09;40-50 ans
CAC;10;50-60 ans
CAC;11;60-70 ans
CAC;12;70-80 ans
CAC;13;80-100 ans
CAC;14;100-120 ans
CAC;15;120-140 ans
CAC;16;140-160 ans
CAC;17;160-180 ans
CAC;18;180-200 ans
CAC;19;200-240 ans
CAC;20;>= 240 ans
CAC;AA;ABSENCE D'ARBRES
CAC;NR;PEU RECENSABLE
CLON;0;AUTRE
CLON;1;ROBUSTA
CLON;2;I214
CLON;D;DELTOIDE
CLON;E;AUTRE EURAMERICAIN
CLON;I;INTERAMERICAIN
CLON;T;TRICHOCARPA
CSA;1;COUVERTURE BOISEE FERMEE
CSA;2;BOSQUET
CSA;3;COUVERTURE BOISEE OUVERTE
CSA;5;PEUPLERAIE
DATEMORT;1;5 ANS OU MOINS
DATEMORT;2;PLUS DE 5 ANS
DC;0;PAS DE COUPE
DC;3;COUPE RASE SANS TRAVAUX
DC;4;COUPE RASE ET TRAVAUX
DC;6;COUPE TOTALE DE L'ETAGE DOMINANT
DC;7;COUPE FORTE DE L'ETAGE DOMINANT
DC;8;COUPE PARTIELLE
DC;9;COUPE PONCTUELLE
DCESPAR1;02;CHENE PEDONCULE
DCESPAR1;03;CHENE SESSILE
DCESPAR1;04;CHENE ROUGE
DCESPAR1;05;CHENE PUBESCENT
DCESPAR1;06;CHENE VERT
DCESPAR1;07;CHENE TAUZIN
DCESPAR1;08S;CHENE-LIEGE
DCESPAR1;09;HETRE
DCESPAR1;10;CHATAIGNIER
DCESPAR1;11;CHARME
DCESPAR1;12V;BOULEAU VERRUQUEUX
DCESPAR1;13G;AULNE GLUTINEUX
DCESPAR1;14;ROBINIER FAUX ACACIA
DCESPAR1;17C;FRENE COMMUN
DCESPAR1;18C;ORME CHAMPETRE
DCESPAR1;19;PEUPLIER CULTIVE
DCESPAR1;21M;ERABLE DE MONTPELLIER
DCESPAR1;22M;MERISIER
DCESPAR1;24;TREMBLE
DCESPAR1;26OC;PLATANE D'OCCIDENT
DCESPAR1;31;NOISETIER COUDRIER
DCESPAR1;33B;PEUPLIER BLANC
DCESPAR1;33N;PEUPLIER NOIR
DCESPAR1;41;ALISIER TORMINAL
DCESPAR1;49PS;PRUNELIER
DCESPAR1;51;PIN MARITIME
DCESPAR1;52;PIN SYLVESTRE
DCESPAR1;53CO;PIN LARICIO DE CORSE
DCESPAR1;54;PIN NOIR D'AUTRICHE
DCESPAR1;56;PIN WEYMOUTH
DCESPAR1;58;PIN A CROCHETS
DCESPAR1;61;SAPIN PECTINE
DCESPAR1;62;EPICEA COMMUN
DCESPAR1;63;MELEZE D'EUROPE
DCESPAR1;64;DOUGLAS
DCESPAR1;72V;SAPIN DE VANCOUVER
DCESPAR1;73;EPICEA DE SITKA
DCESPAR2;02;CHENE PEDONCULE
DCESPAR2;03;CHENE SESSILE
DCESPAR2;04;CHENE ROUGE
DCESPAR2;05;CHENE PUBESCENT
DCESPAR2;06;CHENE VERT
DCESPAR2;07;CHENE TAUZIN
DCESPAR2;08S;CHENE-LIEGE
DCESPAR2;09;HETRE
DCESPAR2;10;CHATAIGNIER
DCESPAR2;11;CHARME
DCESPAR2;12V;BOULEAU VERRUQUEUX
DCESPAR2;13G;AULNE GLUTINEUX
DCESPAR2;14;ROBINIER FAUX ACACIA
DCESPAR2;17C;FRENE COMMUN
DCESPAR2;18C;ORME CHAMPETRE
DCESPAR2;19;PEUPLIER CULTIVE
DCESPAR2;21M;ERABLE DE MONTPELLIER
DCESPAR2;22M;MERISIER
DCESPAR2;24;TREMBLE
DCESPAR2;26OC;PLATANE D'OCCIDENT
DCESPAR2;31;NOISETIER COUDRIER
DCESPAR2;33B;PEUPLIER BLANC
DCESPAR2;33N;PEUPLIER NOIR
DCESPAR2;41;ALISIER TORMINAL
DCESPAR2;49PS;PRUNELIER
DCESPAR2;51;PIN MARITIME
DCESPAR2;52;PIN SYLVESTRE
DCESPAR2;53CO;PIN LARICIO DE CORSE
DCESPAR2;54;PIN NOIR D'AUTRICHE
DCESPAR2;56;PIN WEYMOUTH
DCESPAR2;58;PIN A CROCHETS
DCESPAR2;61;SAPIN PECTINE
DCESPAR2;62;EPICEA COMMUN
DCESPAR2;63;MELEZE D'EUROPE
DCESPAR2;64;DOUGLAS
DCESPAR2;72V;SAPIN DE VANCOUVER
DCESPAR2;73;EPICEA DE SITKA
DECOUPE;0;DECOUPE BOIS FORT
DECOUPE;1;DECOUPE DE FORME
DIST;0;0-200 m
DIST;1;200-500 m
DIST;2;500-1000 m
DIST;3;1000-2000 m
DIST;4;>= 2000 m
ENTP;0;SOIGNE
ENTP;1;PEU ENTRETENU
ENTP;2;PAS ENTRETENU
ESPAR;02;CHENE PEDONCULE
ESPAR;03;CHENE SESSILE
ESPAR;04;CHENE ROUGE
ESPAR;05;CHENE PUBESCENT
ESPAR;06;CHENE VERT
ESPAR;07;CHENE TAUZIN
ESPAR;08S;CHENE-LIEGE
ESPAR;09;HETRE
ESPAR;10;CHATAIGNIER
ESPAR;11;CHARME
ESPAR;12P;BOULEAU PUBESCENT
ESPAR;12V;BOULEAU VERRUQUEUX
ESPAR;13B;AULNE BLANC
ESPAR;13C;AULNE DE CORSE
ESPAR;13G;AULNE GLUTINEUX
ESPAR;14;ROBINIER FAUX ACACIA
ESPAR;15P;ERABLE PLANE
ESPAR;15S;ERABLE SYCOMORE
ESPAR;16;MICOCOULIER
ESPAR;17C;FRENE COMMUN
ESPAR;17F;FRENE A FLEUR
ESPAR;17O;FRENE OXYPHYLLE
ESPAR;18C;ORME CHAMPETRE
ESPAR;18D;ORME LISSE
ESPAR;18M;ORME DE MONTAGNE
ESPAR;19;PEUPLIER CULTIVE
ESPAR;20G;TILLEUL A GRANDES FEUILLES
ESPAR;20P;TILLEUL A PETITES FEUILLES
ESPAR;20X;TILLEUL UNKNOWN (POSS HIBRIDUS)
ESPAR;21C;ERABLE CHAMPETRE
ESPAR;21M;ERABLE DE MONTPELLIER
ESPAR;21O;ERABLE A FEUILLES D'OBIER
ESPAR;22C;CERISIER
ESPAR;22G;CERISIER A GRAPPES
ESPAR;22M;MERISIER
ESPAR;22S;CERISIER TARDIF
ESPAR;23A;AMANDIER
ESPAR;23AB;ALISIER BLANC
ESPAR;23AF;ALISIER DE FONTAINEBLEAU
ESPAR;23AM;ALISIER DE MOUGEOT
ESPAR;23C;CORMIER
ESPAR;23F;FIGUIER DE CARIE
ESPAR;23PA;POIRIER A FEUILLES D'AMANDIER
ESPAR;23PC;POIRIER COMMUN
ESPAR;23PD;PRUNIER DOMESTIQUE
ESPAR;23PF;POIRIER A FEUILLES EN COUR
ESPAR;23PM;POMMIER SAUVAGE
ESPAR;23SO;SORBIER DES OISELEURS
ESPAR;24;TREMBLE
ESPAR;25B;SAULE BLANC
ESPAR;25C;SAULE CENDRE
ESPAR;25D;SAULE DRAPE
ESPAR;25E3;SAULE A TROIS ETAMINES
ESPAR;25E5;SAULE UNKNOWN
ESPAR;25FD;SAULE UNKNOWN
ESPAR;25FR;SAULE CASSANT
ESPAR;25M;SAULE MARSAULT
ESPAR;25R;SAULE ROUX
ESPAR;25V;SAULE DES VANNIERS
ESPAR;26E;PLATANE A FEUILLES D'ERABLE
ESPAR;26OC;PLATANE D'OCCIDENT
ESPAR;26OR;PLATANE D'ORIENT
ESPAR;27C;NOYER COMMUN
ESPAR;27N;NOYER NOIR
ESPAR;28;OLIVIER D'EUROPE
ESPAR;29AF;AUTRE FEUILLU (ESPECE LIGNEUSE FEUILLUE SANS CODE ESPAR)
ESPAR;29AI;AILANTE
ESPAR;29CM;CHENE DES MARAIS
ESPAR;29EN;ERABLE NEGUNDO
ESPAR;29MA;MARRONNIER D'INDE
ESPAR;29MI;MIMOSA
ESPAR;31;NOISETIER COUDRIER
ESPAR;32;CHARME HOUBLON
ESPAR;33B;PEUPLIER BLANC
ESPAR;33G;PEUPLIER GRISARD
ESPAR;33N;PEUPLIER NOIR
ESPAR;34;CHENE CHEVELU
ESPAR;36;EUCALYPTUS (GENRE)
ESPAR;37;AULNE VERT
ESPAR;38AL;CYTISE UNKNOWN
ESPAR;38AU;CYTISE AUBOUR
ESPAR;39;CORNOUILLER MALE
ESPAR;40;ARBOUSIER
ESPAR;41;ALISIER TORMINAL
ESPAR;42;TULIPIER DE VIRGINIE
ESPAR;49AA;AUBEPINE AZEROLIER
ESPAR;49AE;AUBEPINE EPINEUSE
ESPAR;49AM;AUBEPINE MONOGYNE
ESPAR;49BO;BOURDAINE
ESPAR;49BS;BUIS
ESPAR;49CS;ARBRE DE JUDEE
ESPAR;49EA;BRUYERE ARBORESCENTE
ESPAR;49EV;FUSAIN D'EUROPE
ESPAR;49FA;FILAIRE A FEUILLES ETROITES
ESPAR;49FL;FILAIRE A FEUILLES LARGES
ESPAR;49IA;HOUX
ESPAR;49LN;LAURIER NOBLE
ESPAR;49MB;UNKNOWN BROADLEAVED
ESPAR;49PC;PRUNE-CERISE
ESPAR;49PB;PISTACHIER UNKNOWN
ESPAR;49PL;PISTACHIER LENTISQUE
ESPAR;49PM;CERISIER DE SAINTE-LUCIE
ESPAR;49PS;PRUNELIER
ESPAR;49PT;PISTACHIER TEREBINTHE
ESPAR;49RA;NERPRUN ALATERNE
ESPAR;49RC;NERPRUN PURGATIF
ESPAR;49RP;NERPRUN DES ALPES
ESPAR;49RT;SUMAC DE VIRGINIE
ESPAR;49SN;SUREAU NOIR
ESPAR;49SR;SUREAU ROUGE
ESPAR;51;PIN MARITIME
ESPAR;52;PIN SYLVESTRE
ESPAR;53CA;PIN UNKNOWN
ESPAR;53CO;PIN LARICIO DE CORSE
ESPAR;53S;PIN DE SALZMANN
ESPAR;54;PIN NOIR D'AUTRICHE
ESPAR;55;PIN PARASOL
ESPAR;56;PIN WEYMOUTH
ESPAR;57A;PIN D'ALEP
ESPAR;57B;PIN BRUTIA (OU) ELDARICA
ESPAR;58;PIN A CROCHETS
ESPAR;59;PIN CEMBRO
ESPAR;60;PIN MUGO
ESPAR;61;SAPIN PECTINE
ESPAR;62;EPICEA COMMUN
ESPAR;63;MELEZE D'EUROPE
ESPAR;64;DOUGLAS
ESPAR;65;CEDRE DE L'ATLAS
ESPAR;66;CYPRES DE PROVENCE
ESPAR;67;IF
ESPAR;68CA;CYPRES DE L'ARIZONA
ESPAR;68CC;CYPRES CHAUVE
ESPAR;68CE;AUTRE RESINEUX (ESPECE LIGNEUSE RESINEUSE SANS CODE ESPAR)
ESPAR;68CJ;CRYPTOMERIA DU JAPON
ESPAR;68CL;CYPRES DE LAWSON
ESPAR;68CM;CYPRES DE LAMBERT
ESPAR;68PC;PIN DE MURRAY
ESPAR;68PM;PIN DE MONTEREY
ESPAR;68SV;SEQUOIA TOUJOURS VERT
ESPAR;68TG;THUYA GEANT
ESPAR;68TH;TSUGA HETEROPHYLLE
ESPAR;69JC;GENEVRIER COMMUN
ESPAR;69JO;GENEVRIER OXYCEDRE
ESPAR;71;SAPIN DE NORDMANN
ESPAR;72V;SAPIN DE VANCOUVER
ESPAR;73;EPICEA DE SITKA
ESPAR;74H;MELEZE HYBRIDE
ESPAR;74J;MELEZE DU JAPON
ESPAR;77;PIN A L'ENCENS ET HYBRIDES
ESSPRE;01;CHENE INDIFFERENCIE
ESSPRE;02;CHENE PEDONCULE
ESSPRE;03;CHENE ROUVRE
ESSPRE;04;CHENE ROUGE D'AMERIQUE
ESSPRE;05;CHENE PUBESCENT
ESSPRE;06;CHENE VERT
ESSPRE;07;CHENE TAUZIN
ESSPRE;08;CHENE-LIEGE
ESSPRE;09;HETRE
ESSPRE;10;CHATAIGNIER
ESSPRE;11;CHARME
ESSPRE;12;BOULEAU
ESSPRE;13;GRAND AULNE
ESSPRE;14;ROBINIER FAUX ACACIA
ESSPRE;15;GRAND ERABLE
ESSPRE;16;MICOCOULIER
ESSPRE;17;FRENE
ESSPRE;18;ORME
ESSPRE;19;PEUPLIER CULTIVE
ESSPRE;20;TILLEUL
ESSPRE;21;PETIT ERABLE
ESSPRE;22;CERISIER OU MERISIER
ESSPRE;23;AUTRE FRUITIER
ESSPRE;24;TREMBLE
ESSPRE;25;SAULE
ESSPRE;26;PLATANE
ESSPRE;27;NOYER
ESSPRE;28;OLIVIER
ESSPRE;29;AUTRE FEUILLU EXOTIQUE
ESSPRE;30;MURIER
ESSPRE;31;NOISETIER
ESSPRE;32;CHARME-HOUBLON
ESSPRE;33;PEUPLIER NON CULTIVE
ESSPRE;34;CHENE CHEVELU
ESSPRE;35;TAMARIS
ESSPRE;36;EUCALYPTUS
ESSPRE;37;AULNE VERT
ESSPRE;38;GRAND CYTISE (AUBOUR)
ESSPRE;39;CORNOUILLER MALE
ESSPRE;40;ARBOUSIER
ESSPRE;41;ALISIER TORMINAL
ESSPRE;42;TULIPIER DE VIRGINIE
ESSPRE;49;AUTRE FEUILLU INDIGENE
ESSPRE;51;PIN MARITIME
ESSPRE;52;PIN SYLVESTRE
ESSPRE;53;PIN LARICIO
ESSPRE;54;PIN NOIR
ESSPRE;55;PIN PIGNON
ESSPRE;56;PIN WEYMOUTH
ESSPRE;57;PIN D'ALEP
ESSPRE;58;PIN A CROCHETS
ESSPRE;59;PIN CEMBRO
ESSPRE;60;PIN MUGO
ESSPRE;61;SAPIN PECTINE
ESSPRE;62;EPICEA COMMUN
ESSPRE;63;MELEZE D'EUROPE
ESSPRE;64;DOUGLAS
ESSPRE;65;CEDRE DE L'ATLAS
ESSPRE;66;CYPRES
ESSPRE;67;IF
ESSPRE;68;AUTRE CONIFERE EXOTIQUE
ESSPRE;69;GENEVRIER THURIFERE
ESSPRE;70;SAPIN MEDITERRANEEN
ESSPRE;71;SAPIN DE NORDMANN
ESSPRE;72;SAPIN AMERICAIN
ESSPRE;73;EPICEA DE SITKA
ESSPRE;74;MELEZE EXOTIQUE
ESSPRE;75;AUTRE CONIFERE INDIGENE
ESSPRE;76;CEDRE DU LIBAN
ESSPRE;77;PIN A ENCENS
ESS_AGE_1;01;CHENE INDIFFERENCIE
ESS_AGE_1;02;CHENE PEDONCULE
ESS_AGE_1;03;CHENE ROUVRE
ESS_AGE_1;04;CHENE ROUGE D'AMERIQUE
ESS_AGE_1;05;CHENE PUBESCENT
ESS_AGE_1;06;CHENE VERT
ESS_AGE_1;07;CHENE TAUZIN
ESS_AGE_1;08;CHENE-LIEGE
ESS_AGE_1;09;HETRE
ESS_AGE_1;10;CHATAIGNIER
ESS_AGE_1;11;CHARME
ESS_AGE_1;12;BOULEAU
ESS_AGE_1;13;GRAND AULNE
ESS_AGE_1;14;ROBINIER FAUX ACACIA
ESS_AGE_1;15;GRAND ERABLE
ESS_AGE_1;16;MICOCOULIER
ESS_AGE_1;17;FRENE
ESS_AGE_1;18;ORME
ESS_AGE_1;19;PEUPLIER CULTIVE
ESS_AGE_1;20;TILLEUL
ESS_AGE_1;21;PETIT ERABLE
ESS_AGE_1;22;CERISIER OU MERISIER
ESS_AGE_1;23;AUTRE FRUITIER
ESS_AGE_1;24;TREMBLE
ESS_AGE_1;25;SAULE
ESS_AGE_1;26;PLATANE
ESS_AGE_1;27;NOYER
ESS_AGE_1;28;OLIVIER
ESS_AGE_1;29;AUTRE FEUILLU EXOTIQUE
ESS_AGE_1;30;MURIER
ESS_AGE_1;31;NOISETIER
ESS_AGE_1;32;CHARME-HOUBLON
ESS_AGE_1;33;PEUPLIER NON CULTIVE
ESS_AGE_1;34;CHENE CHEVELU
ESS_AGE_1;35;TAMARIS
ESS_AGE_1;36;EUCALYPTUS
ESS_AGE_1;37;AULNE VERT
ESS_AGE_1;38;GRAND CYTISE (AUBOUR)
ESS_AGE_1;39;CORNOUILLER MALE
ESS_AGE_1;40;ARBOUSIER
ESS_AGE_1;41;ALISIER TORMINAL
ESS_AGE_1;42;TULIPIER DE VIRGINIE
ESS_AGE_1;49;AUTRE FEUILLU INDIGENE
ESS_AGE_1;51;PIN MARITIME
ESS_AGE_1;52;PIN SYLVESTRE
ESS_AGE_1;53;PIN LARICIO
ESS_AGE_1;54;PIN NOIR
ESS_AGE_1;55;PIN PIGNON
ESS_AGE_1;56;PIN WEYMOUTH
ESS_AGE_1;57;PIN D'ALEP
ESS_AGE_1;58;PIN A CROCHETS
ESS_AGE_1;59;PIN CEMBRO
ESS_AGE_1;60;PIN MUGO
ESS_AGE_1;61;SAPIN PECTINE
ESS_AGE_1;62;EPICEA COMMUN
ESS_AGE_1;63;MELEZE D'EUROPE
ESS_AGE_1;64;DOUGLAS
ESS_AGE_1;65;CEDRE DE L'ATLAS
ESS_AGE_1;66;CYPRES
ESS_AGE_1;67;IF
ESS_AGE_1;68;AUTRE CONIFERE EXOTIQUE
ESS_AGE_1;69;GENEVRIER THURIFERE
ESS_AGE_1;70;SAPIN MEDITERRANEEN
ESS_AGE_1;71;SAPIN DE NORDMANN
ESS_AGE_1;72;SAPIN AMERICAIN
ESS_AGE_1;73;EPICEA DE SITKA
ESS_AGE_1;74;MELEZE EXOTIQUE
ESS_AGE_1;75;AUTRE CONIFERE INDIGENE
ESS_AGE_1;76;CEDRE DU LIBAN
ESS_AGE_1;77;PIN A ENCENS
FORME;0;TETARD
FORME;1;FAIBLE HOUPPIER
FORME;2;FORT HOUPPIER
FORME;Z;EBRANCHE
GEST;0;AUCUNE TRACE DE GESTION
GEST;1;TRACES FAIBLES DE GESTION
GEST;2;SIGNES MANIFESTES DE GESTION
HUMUS;10;MOR
HUMUS;15;MOR CARBONATE
HUMUS;18;HYDROMOR
HUMUS;20;MODER
HUMUS;21;DYSMODER
HUMUS;22;HEMI-MODER
HUMUS;25;MODER CARBONATE
HUMUS;28;HYDROMODER
HUMUS;30;DYSMULL
HUMUS;31;OLIGOMULL
HUMUS;40;MESOMULL
HUMUS;42;AMPHIMULL
HUMUS;45;MULL CARBONATE EPAIS
HUMUS;48;HYDROMULL
HUMUS;50;EUMULL
HUMUS;55;MULL CARBONATE
HUMUS;80;TOURBE
HUMUS;81;ANMOOR
HUMUS;99;ABSENCE OU AUTRE
INCID;0;PAS DE DEGATS
INCID;1;MOINS DE 25% DE DEGATS
INCID;2;DE 25 A 50% DE DEGATS
INCID;3;DE 50 A 75% DE DEGATS
INCID;4;PLUS DE 75% DE DEGATS
ITI;0;SANS OBJET
ITI;1;PISTE EXISTANTE
ITI;2;PISTE A CREER
ITI;3;INACCESSIBLE
LIB;0;COUVERT LIBRE NUL
LIB;1;COUVERT LIBRE INFERIEUR A 2/3
LIB;2;COUVERT LIBRE SUPERIEUR A 2/3
MORTB;0;0 - 5 %
MORTB;1;< 25 %
MORTB;2;25-50 %
MORTB;3;50-95 %
MORTB;4;>= 95 %
OBSDATE;1;NEIGE
OBSDATE;2;SOL GELE
OBSDATE;3;INONDATION
OBSHYDR;1;EN SURFACE LIEE AU TASSEMENT
OBSHYDR;2;CAILLOUX OXYDES
OBSHYDR;3;CONFUSION AVEC LE SUBSTRAT
OBSHYDR;4;MASQUEE PAR L'HUMUS
OBSHYDR;5;NAPPE D'EAU DANS LE SOL
OBSHYDR;6;TACHES > 75 % A MOINS DE 64 CM
OBSPEDO;1;HUMUS PERTURBE OU ABSENT
OBSPEDO;2;SOL PERTURBE OU ABSENT
OBSPEDO;3;SOL HETEROGENE SUR LA PLACETTE
OBSPEDO;4;DECHARGE, REMBLAI OU DEPOT ARTIFICIEL
OBSPEDO;5;AUTRE CAS (SOL NON CODE, ETC.)
OBSPEDO;6;TROU D'OBUS, EXTRACTION, MARDELLE, MUR
OBSPEDO;7;HUMUS HETEROGENE
OBSPEDO;8;HUMUS DE PRAIRIE
OBSPEDO;9;DONNEE MANQUANTE
OBSPEDO;H;TEXTURE ORGANIQUE
OBSPEDO;R;TEXTURE CAILLOUTEUSE
OBSPROF;1;ARRET SUR DALLE(R)
OBSPROF;2;ARRET SUR CAILLOUX
OBSPROF;3;ARRET SUR COMPACITE
OBSPROF;4;PROF2 SURESTIMEE
OBSROC;100;ROCHES PLUTONIQUES ET VOLCANIQUES
OBSROC;101;ROCHE PLUTONIQUE
OBSROC;102;ROCHE VOLCANIQUE
OBSROC;110;FAMILLE DES GRANITES
OBSROC;116;RHYOLITE
OBSROC;123;TRACHYTE
OBSROC;130;FAMILLE DES DIORITES
OBSROC;132;ANDESITE
OBSROC;140;FAMILLE DES GABBROS
OBSROC;143;BASALTE
OBSROC;153;PHONOLITE
OBSROC;160;PROJECTION VOLCANIQUE
OBSROC;172;ROCHES SEDIMENTAIRES DETRITIQUES ET AUTRES ROCHES SILICEUSES
OBSROC;175;ROCHES SEDIMENTAIRES DETRITIQUES ET QUARTZITE
OBSROC;176;ROCHES SEDIMENTAIRES DETRITIQUES ET SILEX
OBSROC;178;ROCHES SEDIMENTAIRES DETRITIQUES ET GALET
OBSROC;182;ROCHES PLUTONIQUES ET AUTRES ROCHES SILICEUSES
OBSROC;185;ROCHES PLUTONIQUES ET QUARTZITE
OBSROC;188;ROCHES PLUTONIQUES ET GALET
OBSROC;192;ROCHES VOLCANIQUES ET AUTRES ROCHES SILICEUSES
OBSROC;210;ROCHE SILICEUSE DETRITIQUE CONSOLIDEE
OBSROC;211;CONGLOMERAT SILICEUX
OBSROC;212;GRES SILICEUX
OBSROC;213;QUARTZITE
OBSROC;230;ROCHE SILICEUSE DETRITIQUE NON CONSOLIDEE
OBSROC;231;BLOC
OBSROC;232;PIERRAILLE
OBSROC;233;SABLE
OBSROC;234;LIMON
OBSROC;236;SABLE A SILEX
OBSROC;237;ARENE
OBSROC;238;FORMATION MEUBLE A GALETS SILICEUX
OBSROC;239;MORAINE SILICEUSE
OBSROC;241;SILEX
OBSROC;242;MEULIERE
OBSROC;243;GAIZE
OBSROC;310;CALCAIRE CONSOLIDE
OBSROC;312;CALCAIRE GROSSIER
OBSROC;313;CONGLOMERAT CALCAIRE
OBSROC;314;GRES CALCAIRE
OBSROC;316;FLYSCH
OBSROC;330;ROCHE CALCAIRE NON CONSOLIDEE
OBSROC;331;BLOC CALCAIRE
OBSROC;332;PIERRAILLE CALCAIRE
OBSROC;333;SABLE CALCAIRE
OBSROC;334;LIMON CALCAIRE
OBSROC;337;ARENE CALCAIRE
OBSROC;338;FORMATION CALCAIRE MEUBLE A GALETS CALCAIRES
OBSROC;339;MORAINE CALCAIRE
OBSROC;381;CRAIE BLANCHE
OBSROC;403;CALCAIRE DOLOMITIQUE
OBSROC;404;DOLOMIE
OBSROC;407;CALCAIRE MARNEUX
OBSROC;408;MARNE
OBSROC;410;CALCAIRE A ROGNONS GRESEUX
OBSROC;500;ROCHE SEDIMENTAIRE ARGILEUSE
OBSROC;506;ARGILE A SILEX
OBSROC;600;ROCHE SEDIMENTAIRE SCHISTEUSE
OBSROC;604;CALCSCHISTE
OBSROC;712;GYPSE
OBSROC;730;FAMILLE DES ROCHES FERRUGINEUSES
OBSROC;750;FAMILLE DES ROCHES CARBONEES
OBSROC;751;TOURBE
OBSROC;800;FAMILLE DES ROCHES METAMORPHIQUES
OBSROC;810;SCHISTE METAMORPHIQUE
OBSROC;811;GNEISS
OBSROC;812;MICASCHISTE
OBSROC;815;GNEISS ET MICASCHISTE
OBSROC;822;SERPENTINE (OU SERPENTINITE)
OBSROC;832;ROCHES METAMORPHIQUES ET AUTRES ROCHES SILICEUSES
OBSROC;833;ROCHES METAMORPHIQUES ET AUTRES ROCHES PLUTONIQUES
OBSROC;834;ROCHES METAMORPHIQUES ET ROCHES SEDIMENTAIRES DETRITIQUES
OBSROC;835;ROCHES METAMORPHIQUES ET QUARTZITE
OBSROC;836;ROCHES METAMORPHIQUES ET SILEX
OBSROC;838;ROCHES METAMORPHIQUES ET GALET
OBSROC;900;ROCHE PARTICULIERE
OBSROC;910;TERRIL DE MINE
OBSROC;911;DEPOT ARTIFICIEL
OBSROC;930;FORMATION MEUBLE SILICEUSE ET CARBONATEE
OBSROC;932;MELANGE DE CAILLOUX CALCAIRES ET CAILLOUX SILICEUX
OBSROC;936;FORMATION MEUBLE A SILEX SUR CALCAIRE
OBSROC;938;FORMATION MEUBLE SILICEUSE ET CARBONATEE A GALETS MELANGES
OBSROC;939;MORAINE MELANGEE
OBSROC;999;ABSENCE OU AUTRE
OBSTOPO;1;TERRASSES <= 6 m
OBSTOPO;2;TERRASSES > 6 m
OBSTOPO;3;BANQUETTES DE REBOISEMENT
OBSTOPO;4;TOPOGRAPHIE VARIEE (EXPO-PENTE)
OBSTOPO;5;MOSAIQUE TOPOGRAPHIQUE
OBSTOPO;6;TALUS, MICROVERSANT
OBSTOPO;9;DONNEE MANQUANTE
OBSVEGET;1;INCENDIE
OBSVEGET;2;EXPLOITATION, TEMPETE
OBSVEGET;3;PARCOURS DU BETAIL, ANCIEN AGRICOLE, PRAIRIE
OBSVEGET;4;TRAVAUX SUPERFICIELS (COUPE, BROYAGE, DEBROUSSAILLAGE)
OBSVEGET;5;FLORE HETEROGENE
OBSVEGET;6;AUTRE PERTURBATION (INONDATION, ETC.)
OBSVEGET;9;DONNEE MANQUANTE
ORI;0;ISSU DE REJET
ORI;1;ISSU DE SEMENCE
ORI;2;ISSU DE REJET DE CHABLIS
PENTEXP;0;0% A 15%
PENTEXP;1;15% A 30%
PENTEXP;2;30% A 45%
PENTEXP;3;45% A 60%
PENTEXP;4;60% A 100%
PENTEXP;5;PLUS DE 100%
PEUPNR;0;PEUPLEMENT RECENSABLE
PEUPNR;1;PEUPLEMENT NON RECENSABLE
PEUPNR;2;MOMENTANEMENT DEBOISE
PLISI;0;PAS DE LISIERE
PLISI;1;AU MOINS UNE LISIERE
PLISI;2;INTERRUPTION DE MOINS DE 20 METRES
PORTANCE;0;TERRAIN JAMAIS PORTANT
PORTANCE;1;TERRAIN TEMPORAIREMENT PORTANT
PORTANCE;2;TERRAIN TOUJOURS PORTANT
ROCHE;1;PLUTONIQUE
ROCHE;10;METAMORPHIQUE
ROCHE;11;PARTICULIERE
ROCHE;2;VOLCANIQUE
ROCHE;3;SILICEUX CONSOLIDE
ROCHE;4;SILICEUX MEUBLE
ROCHE;5;CALCAIRE CONSOLIDE
ROCHE;6;CALCAIRE MEUBLE
ROCHE;7;DOLOMIE
ROCHE;8;MARNE
ROCHE;9;ARGILE
SFCOEUR;0;ABSENCE
SFCOEUR;1;PRESENCE
SFDORGE;0;ABSENCE
SFDORGE;1;PRESENCE DE BALAI DE SORCIERE UNIQUEMENT
SFDORGE;2;PRESENCE DE CHAUDRON
SFGELIV;0;PAS DE GELIVURE
SFGELIV;1;1 GELIVURE
SFGELIV;2;2 OU PLUSIEURS GELIVURES
SFGUI;0;ABSENCE
SFGUI;1;1 OU 2 BOULES
SFGUI;2;3 A 5 BOULES
SFGUI;3;PLUS DE 5 BOULES
SFO;0;PAS DE STRUCTURE
SFO;1;FUTAIE REGULIERE
SFO;2;FUTAIE IRREGULIERE
SFO;3;MELANGE DE FUTAIE ET TAILLIS
SFO;4;TAILLIS
SFPIED;0;ABSENCE
SFPIED;1;DEGAT D'EXPLOITATION
SFPIED;2;DEGAT DE GIBIER
SFPIED;3;POURRITURE INCONNUE
SIMPLIF;0;ARBRE NON SIMPLIFIE
SIMPLIF;1;ARBRE SIMPLIFIE
TEXT1;0;ABSENTE
TEXT1;1;SABLE
TEXT1;2;SABLE LIMONEUX
TEXT1;3;SABLE ARGILEUX
TEXT1;4;LIMON SABLEUX
TEXT1;5;LIMON ARGILEUX
TEXT1;6;LIMON
TEXT1;7;ARGILE LIMONEUSE
TEXT1;8;ARGILE SABLO-LIMONEUSE
TEXT1;9;ARGILE
TEXT2;0;ABSENTE
TEXT2;1;SABLE
TEXT2;2;SABLE LIMONEUX
TEXT2;3;SABLE ARGILEUX
TEXT2;4;LIMON SABLEUX
TEXT2;5;LIMON ARGILEUX
TEXT2;6;LIMON
TEXT2;7;ARGILE LIMONEUSE
TEXT2;8;ARGILE SABLO-LIMONEUSE
TEXT2;9;ARGILE
TIGE;1;NORMALE
TIGE;5;JUMELLE
TIGE;6;FOURCHUE
TIGE;7;ECIMEE
TM2;1;BOSQUET
TM2;2;BOQUETEAU
TM2;3;BOIS
TOPO;0;TERRAIN PLAT
TOPO;1;SOMMET
TOPO;2;HAUT DE VERSANT
TOPO;3;MI-VERSANT CONCAVE
TOPO;4;MI-VERSANT RECTILIGNE
TOPO;5;MI-VERSANT CONVEXE
TOPO;6;REPLAT
TOPO;7;BAS DE VERSANT
TOPO;8;VALLEE OU FOND DE VALLON LARGE
TOPO;9;DEPRESSION OU FOND DE VALLON ETROIT
TPESPAR1;02;CHENE PEDONCULE
TPESPAR1;03;CHENE SESSILE
TPESPAR1;04;CHENE ROUGE
TPESPAR1;05;CHENE PUBESCENT
TPESPAR1;09;HETRE
TPESPAR1;10;CHATAIGNIER
TPESPAR1;11;CHARME
TPESPAR1;12V;BOULEAU VERRUQUEUX
TPESPAR1;13B;AULNE BLANC
TPESPAR1;13C;AULNE DE CORSE
TPESPAR1;13G;AULNE GLUTINEUX
TPESPAR1;14;ROBINIER FAUX ACACIA
TPESPAR1;15P;ERABLE PLANE
TPESPAR1;15S;ERABLE SYCOMORE
TPESPAR1;17C;FRENE COMMUN
TPESPAR1;19;PEUPLIER CULTIVE
TPESPAR1;22M;MERISIER
TPESPAR1;25B;SAULE BLANC
TPESPAR1;27C;NOYER COMMUN
TPESPAR1;27N;NOYER NOIR
TPESPAR1;36;EUCALYPTUS (GENRE)
TPESPAR1;42;TULIPIER DE VIRGINIE
TPESPAR1;51;PIN MARITIME
TPESPAR1;52;PIN SYLVESTRE
TPESPAR1;53CO;PIN LARICIO DE CORSE
TPESPAR1;54;PIN NOIR D'AUTRICHE
TPESPAR1;55;PIN PARASOL
TPESPAR1;56;PIN WEYMOUTH
TPESPAR1;57A;PIN D'ALEP
TPESPAR1;57B;PIN BRUTIA (OU) ELDARICA
TPESPAR1;58;PIN A CROCHETS
TPESPAR1;61;SAPIN PECTINE
TPESPAR1;62;EPICEA COMMUN
TPESPAR1;63;MELEZE D'EUROPE
TPESPAR1;64;DOUGLAS
TPESPAR1;65;CEDRE DE L'ATLAS
TPESPAR1;68CC;CYPRES CHAUVE
TPESPAR1;68CJ;CRYPTOMERIA DU JAPON
TPESPAR1;68CM;CYPRES DE LAMBERT
TPESPAR1;68PC;PIN DE MURRAY
TPESPAR1;68TG;THUYA GEANT
TPESPAR1;68TH;TSUGA HETEROPHYLLE
TPESPAR1;71;SAPIN DE NORDMANN
TPESPAR1;72V;SAPIN DE VANCOUVER
TPESPAR1;73;EPICEA DE SITKA
TPESPAR1;74J;MELEZE DU JAPON
TPESPAR1;77;PIN A L'ENCENS ET HYBRIDES
TPESPAR2;02;CHENE PEDONCULE
TPESPAR2;03;CHENE SESSILE
TPESPAR2;04;CHENE ROUGE
TPESPAR2;05;CHENE PUBESCENT
TPESPAR2;09;HETRE
TPESPAR2;10;CHATAIGNIER
TPESPAR2;11;CHARME
TPESPAR2;12V;BOULEAU VERRUQUEUX
TPESPAR2;13B;AULNE BLANC
TPESPAR2;13C;AULNE DE CORSE
TPESPAR2;13G;AULNE GLUTINEUX
TPESPAR2;14;ROBINIER FAUX ACACIA
TPESPAR2;15P;ERABLE PLANE
TPESPAR2;15S;ERABLE SYCOMORE
TPESPAR2;17C;FRENE COMMUN
TPESPAR2;19;PEUPLIER CULTIVE
TPESPAR2;22M;MERISIER
TPESPAR2;25B;SAULE BLANC
TPESPAR2;27C;NOYER COMMUN
TPESPAR2;27N;NOYER NOIR
TPESPAR2;36;EUCALYPTUS (GENRE)
TPESPAR2;42;TULIPIER DE VIRGINIE
TPESPAR2;51;PIN MARITIME
TPESPAR2;52;PIN SYLVESTRE
TPESPAR2;53CO;PIN LARICIO DE CORSE
TPESPAR2;54;PIN NOIR D'AUTRICHE
TPESPAR2;55;PIN PARASOL
TPESPAR2;56;PIN WEYMOUTH
TPESPAR2;57A;PIN D'ALEP
TPESPAR2;57B;PIN BRUTIA (OU) ELDARICA
TPESPAR2;58;PIN A CROCHETS
TPESPAR2;61;SAPIN PECTINE
TPESPAR2;62;EPICEA COMMUN
TPESPAR2;63;MELEZE D'EUROPE
TPESPAR2;64;DOUGLAS
TPESPAR2;65;CEDRE DE L'ATLAS
TPESPAR2;68CC;CYPRES CHAUVE
TPESPAR2;68CJ;CRYPTOMERIA DU JAPON
TPESPAR2;68CM;CYPRES DE LAMBERT
TPESPAR2;68PC;PIN DE MURRAY
TPESPAR2;68TG;THUYA GEANT
TPESPAR2;68TH;TSUGA HETEROPHYLLE
TPESPAR2;71;SAPIN DE NORDMANN
TPESPAR2;72V;SAPIN DE VANCOUVER
TPESPAR2;73;EPICEA DE SITKA
TPESPAR2;74J;MELEZE DU JAPON
TPESPAR2;77;PIN A L'ENCENS ET HYBRIDES
TPLANT;0;PAS DE PLANTATION
TPLANT;A;PLANTATION SOUS ABRI
TPLANT;B;PLANTATION EN BANDES
TPLANT;I;PLANTATION EN PLEIN NON REGULIERE
TPLANT;P;PLANTATION REGULIERE EN PLEIN
TPLANT;S;SEMIS EN PLEIN
TSOL;01;ARENOSOL
TSOL;02;REGOSOL
TSOL;03;ANTHROPOSOL
TSOL;11;SOL ALLUVIAL
TSOL;12;RANKER A MULL
TSOL;13;RANKER A MODER-MOR
TSOL;14;LAPIAZ
TSOL;15;LITHOSOL SUR EBOULIS
TSOL;16;LITHOSOL SUR DALLE COMPACTE
TSOL;17;LITHOSOL SUR DALLE FISSUREE
TSOL;18;ANDOSOL
TSOL;19;SOL COLLUVIAL
TSOL;21;SOL HUMOCALCAIRE
TSOL;22;SOL HUMOCALCIQUE
TSOL;23;RENDZINE HUMIFERE
TSOL;24;RENZINE DOLOMITIQUE
TSOL;25;RENDZINE GRISE
TSOL;26;RENDZINE BRUNIFIEE
TSOL;27;RENDZINE BRUNE/ROUGE
TSOL;28;CALCAIRE HYDROMORPHE
TSOL;29;RENDZINE COLLUVIALE
TSOL;31;SOL BRUN CALCAIRE
TSOL;32;SOL BRUN CALCIQUE
TSOL;33;SOL BRUN
TSOL;34;SOL BRUN ACIDE
TSOL;35;SOL BRUN OCREUX
TSOL;38;SOL BRUN HYDROMORPHE
TSOL;39;SOL BRUN COLLUVIAL
TSOL;41;SOL BRUN FAIBLEMENT LESSIVE
TSOL;42;SOL BRUN LESSIVE
TSOL;43;SOL LESSIVE
TSOL;44;SOL LESSIVE ACIDE
TSOL;45;SOL LESSIVE PODZOLIQUE
TSOL;48;SOL LESSIVE HYDROMORPHE
TSOL;51;SOL OCRE PODZOLIQUE
TSOL;52;SOL PODZOLIQUE
TSOL;53;PODZOL
TSOL;58;SOL PODZOLIQUE HYDROMORPHE
TSOL;59;PODZOL HUMIQUE
TSOL;61;SOL BRUN FERSIALLITIQUE
TSOL;62;SOL ROUGE FERSIALLITIQUE
TSOL;63;SOL FERSIALLITIQUE DESATURE
TSOL;81;PSEUDOGLEY
TSOL;82;GLEY
TSOL;83;TOURBE
TSOL;85;STAGNOGLEY
TSOL;87;PSEUDOGLEY PODZOLIQUE
TSOL;88;PELOSOL
TSOL;89;GLEY HUMIFERE
TSOL;99;ABSENCE OU AUTRE
UTA1;0;PRODUCTION DE BOIS
UTA1;2;ACCUEIL, LOISIRS, PARC PUBLIC, HABITAT, PARC PRIVE, ENCLOS
UTA1;3;TERRAIN DE MANOEUVRE MILITAIRE EN ACTIVITE OU ZONE INTERDITE
UTA1;4;RESERVE INTEGRALE D'ACCES INTERDIT
UTA1;5;AUTRES RESERVES
UTA1;6;AGRICOLE
UTA1;8;PROTECTION DES SOLS ET DES EAUX
UTA1;A;PASSAGE DE RESEAU
UTA1;B;EMPRISE DE GRANDE INFRASTRUCTURE LINEAIRE
UTA1;X;SANS UTILISATION
UTA2;0;PRODUCTION DE BOIS
UTA2;2;ACCUEIL, LOISIRS, PARC PUBLIC, HABITAT, PARC PRIVE, ENCLOS
UTA2;3;TERRAIN DE MANOEUVRE MILITAIRE EN ACTIVITE OU ZONE INTERDITE
UTA2;4;RESERVE INTEGRALE D'ACCES INTERDIT
UTA2;5;AUTRES RESERVES
UTA2;6;AGRICOLE
UTA2;8;PROTECTION DES SOLS ET DES EAUX
UTA2;A;PASSAGE DE RESEAU
UTA2;B;EMPRISE DE GRANDE INFRASTRUCTURE LINEAIRE
UTA2;X;SANS UTILISATION
VEGET;0;ARBRE VIVANT SUR PIED
VEGET;5;ARBRE MORT SUR PIED
VEGET;A;CHABLIS
VEGET;C;ARBRE MORT SUR PIED CASSE
